,Title,Comments,Time,subreddit
0,Steve Irwin's kids carrying on his legacy,161 comments,2 hours ago,r/aww
1,My Grandma and her Irish Wolfhound from 1974,923 comments,4 hours ago,r/OldSchoolCool
2,Lol he mad.,775 comments,4 hours ago,r/gifs
3,[Image] On this day in 1943. Give yourself to a cause,1991 comments,5 hours ago,r/GetMotivated
4,"TIL Michael Jordan once tipped a waitress a $5 chip for bringing him a drink. Wayne Gretzky stopped the waitress, removed the $5 chip, grabbed one of the many $100 chips on Jordan‚Äôs side of the table, and gave it to her. Then he said, ""That's how we tip in Las Vegas, Michael.""",9192 comments,6 hours ago,r/todayilearned
5,Teachers shutdown the entire state of West Virginia. It's illegal to strike there.,346 comments,4 hours ago,r/LateStageCapitalism
6,Saw this dude with his Pipboy Watch. Decided to post my old school Goldeneye watch.,252 comments,4 hours ago,r/gaming
7,The streets of Philly,67 comments,4 hours ago,r/IASIP
8,One of my best friends married his girlfriend yesterday. Our other best friend was his witness.,1202 comments,6 hours ago,r/funny
9,Is your dumb kid sad because nobody bullies them? Fuckin' glue some paint to their head,628 comments,7 hours ago,r/wheredidthesodago
10,HOW MANY TIMES?!,69 comments,5 hours ago,r/BikiniBottomTwitter
11,No way Jose,98 comments,2 hours ago,r/ChoosingBeggars
12,"""How the tables have turned""",284 comments,6 hours ago,r/StoppedWorking
13,Paul Manafort and Rick Gates indicted on 32-counts,595 comments,3 hours ago,r/news
14,Before they're ripe it's easier to understand why they're called eggplants.,90 comments,2 hours ago,r/pics
15,As a teacher in the U.S. this seems more real every day.,313 comments,6 hours ago,r/PoliticalHumor
16,I got to see SpaceX Falcon9 launch with the StarLink prototype from my flight into LAX. It was an awesome way to start my morning.,335 comments,6 hours ago,r/space
17,This woodpecker going to town on a tree outside my office üî•üî•üî•,574 comments,7 hours ago,r/NatureIsFuckingLit
18,"What does a ""bad guy with a gun"" look like?",185 comments,3 hours ago,r/BlackPeopleTwitter
19,There are certain rules for riding in my car.,2071 comments,8 hours ago,r/pics
20,Reddit admins have confirmed they are comfortable with T_D and other altright subs engaging in a harassment campaign attacking survivors of the Parkland school shooting,1559 comments,7 hours ago,r/AgainstHateSubreddits
21,All of West Virginia's public schools are closed due to a teacher walk-out over pay,5763 comments,9 hours ago,r/news
22,"Comedy Central Renews ""Drunk History"" for a Sixth Season.",638 comments,9 hours ago,r/television
23,Fuckin savage granny,206 comments,4 hours ago,r/ScottishPeopleTwitter
24,"DEADMAU5 said this bassline is impossible to play, someone proved them wrong",3854 comments,7 hours ago,r/videos
25,hmmm,274 comments,8 hours ago,r/hmmm
26,There are some universal truths which cannot be ignored,90 comments,7 hours ago,r/tumblr
27,Pizza on a snowboard.,377 comments,7 hours ago,r/WeWantPlates
28,A Newspaper Police Blotter,672 comments,7 hours ago,r/funny
29,I look at my food like that.,287 comments,8 hours ago,r/wholesomememes
30,"His first ever bath - a bit scared at first, he quickly got used to it",1173 comments,8 hours ago,r/aww
31,Tyler Nicholson and Staale Sandbech create a new Olympic Sport,148 comments,7 hours ago,r/sports
32,"""What getting older looks like""",2759 comments,7 hours ago,r/gaming
33,Of all places to loaf around,146 comments,7 hours ago,r/memes
34,"how the Japanese ""roll their sleeves up""",389 comments,6 hours ago,r/educationalgifs
35,When someone at the gym is waiting for you to finish your last set,61 comments,3 hours ago,r/funny
36,Bug in matrix,103 comments,3 hours ago,r/funny
37,ironic.jpg,1105 comments,8 hours ago,r/facepalm
38,"My wife‚Äôs cousin, at it again.",662 comments,8 hours ago,r/insanepeoplefacebook
39,"Need gas, but don't have the money? Use this simple trick!",63 comments,7 hours ago,r/ShittyLifeProTips
40,Pawn found inside of Queen,1495 comments,7 hours ago,r/mildlyinteresting
41,To get on the couch with his dad,320 comments,9 hours ago,r/therewasanattempt
42,Disney in a gif.,110 comments,7 hours ago,r/combinedgifs
43,This kitty,111 comments,4 hours ago,r/aww
44,"The Unabomber‚Äôs cabin, held in an FBI storage facility on an airforce base in Sacramento",2101 comments,10 hours ago,r/evilbuildings
45,Every villain is haunted by the moment that made him the way he is,270 comments,9 hours ago,r/blackpeoplegifs
46,Highly Specialized and Underappreciated,259 comments,9 hours ago,r/specializedtools
47,It's a Jeep thing,320 comments,7 hours ago,r/Justrolledintotheshop
48,What a fucking hero!,182 comments,8 hours ago,r/madlads
49,NOT ON MY SERVER!,56 comments,6 hours ago,r/dankchristianmemes
50,Found this on a local tattoo artist‚Äôs page,111 comments,9 hours ago,r/DunderMifflin
51,First night home from the shelter,131 comments,7 hours ago,r/aww
52,Well? Which one is it?,105 comments,7 hours ago,r/oldpeoplefacebook
53,When the customer demands to speak to your manager but you are the manager,288 comments,10 hours ago,r/reactiongifs
54,"Brendan Fraser on His Comeback, Disappearance, and the Experience that Nearly Ended His Career",3782 comments,10 hours ago,r/movies
55,FrontEnd VS BackEnd,614 comments,9 hours ago,r/ProgrammerHumor
56,"ULPT: If there is someone doing work inside of your house (builder, electrician, etc.), offer them a drink, and then put adderall in it to make them work faster.",449 comments,9 hours ago,r/UnethicalLifeProTips
57,I had to bribe the school photographer to let me do this my senior year.,455 comments,10 hours ago,r/blunderyears
58,"Scientists have identified significant amounts of toxic metals, including lead, leaking from e-cigarette heating coils and present in the aerosols inhaled by users.",2222 comments,10 hours ago,r/science
59,"To keep animals mentally and physically stimulated, Zoo animals are often given ‚Äúenrichment items‚Äù like this snow.",210 comments,9 hours ago,r/Awwducational
60,"""The why do I have diarrhea all the time"" Starter pack",1605 comments,9 hours ago,r/starterpacks
61,cmon...we have needs...,182 comments,9 hours ago,r/PrequelMemes
62,I can actually hear Ron say it.,35 comments,7 hours ago,r/PandR
63,Gynecologist confuses patients age,483 comments,8 hours ago,r/thatHappened
64,This USB flash drive name makes it seem it has 100gb of memory,236 comments,9 hours ago,r/assholedesign
65,She's confused,363 comments,10 hours ago,r/WhitePeopleTwitter
66,[I ate] Bacon cheeseburger with Mac n cheese,507 comments,10 hours ago,r/food
67,Champaign is surrounded by Taco Bells,52 comments,8 hours ago,r/UIUC
68,My POV from the peak of Montana Machu Picchu,94 comments,5 hours ago,r/travel
69,Dotted Line Tool from the 1930s,65 comments,3 hours ago,r/oddlysatisfying
70,Previous owner of earbuds left a note,107 comments,2 hours ago,r/mildlyinteresting
71,Wasting a scammers time after telling a friend they won the ‚ÄúFacebook Lottery‚Äù,225 comments,6 hours ago,r/quityourbullshit
72,"Man removes feds‚Äô spy cam, they demand it back, he refuses and sues",2864 comments,12 hours ago,r/technology
73,"They told me Cuphead was difficult, but this is too much.",1229 comments,11 hours ago,r/gaming
74,The guy that figured out babies instinctively hold their breath under water probably had a lot of explaining to do...,274 comments,8 hours ago,r/Showerthoughts
75,Former Buffalo Wild Wings employee explains the fine art of mixing sauces,64 comments,5 hours ago,r/bestof
76,A Message From the President,1575 comments,8 hours ago,r/BlackPeopleTwitter
77,A sea turtle swimming up to take a nap in a giant barrel sponge,455 comments,10 hours ago,r/Damnthatsinteresting
78,Enthusiasm at its best!!,125 comments,8 hours ago,r/funny
79,HMC while I show you a magic trick,324 comments,9 hours ago,r/holdmycosmo
80,A statue of King Arthur on top of the Tintagel cliffs in England,69 comments,6 hours ago,r/pics
81,Donny Kerabatsos Action Figure,49 comments,5 hours ago,r/funny
82,Dude has 115k followers on Instagram.,352 comments,10 hours ago,r/Justfuckmyshitup
83,"This is the cleanest Saber ignition in all of Star Wars, she's a Badass",2031 comments,10 hours ago,r/StarWars
84,me_irl,356 comments,11 hours ago,r/meirl
85,Would have been totally legit if not for the wheels,46 comments,6 hours ago,r/OSHA
86,"TIL of the ""Stoned Ape"" theory of human evolution which states that early hominids ate ""magic mushrooms"" growing in the dung of large African Animals and this helped to rapidly evolve the human brain into a state of higher consciousness.",254 comments,6 hours ago,r/todayilearned
87,I'm dead,134 comments,3 hours ago,r/gaming
88,Am I a zoomie??,145 comments,10 hours ago,r/Zoomies
89,Can I pleeeeease go outside?,60 comments,9 hours ago,r/aww
90,"In a Berlin metro. The text reads, ""This text has no other purpose than to terrify those afraid of the Arabic language.""",4895 comments,10 hours ago,r/pics
91,"Roses are red, Keep your nuts in a jar-",32 comments,10 hours ago,r/boottoobig
92,"My Kickstarter raised $30k in a day! It's for a game about childhood. I do the music, graphics, game design, puzzles, and story. AMA!",782 comments,9 hours ago,r/IAmA
93,"TIL in 1903, two men and a pit bull made the first documented journey by automobile from San Francisco to New York using only a connection of dirt roads, cow paths, and railroad beds. The journey took 63 days, became a national sensation, and called for a system of long distance roads.",102 comments,7 hours ago,r/todayilearned
94,Our coffee table with life raft coasters,70 comments,7 hours ago,r/mildlyinteresting
95,Special Talents,158 comments,9 hours ago,r/polandball
96,Absolute Mad Lad!,114 comments,7 hours ago,r/FortNiteBR
97,This hydro wheel can pump water to nearest farms and villages at no operating costs!,169 comments,9 hours ago,r/interestingasfuck
98,I'm not a good LEGO-ist but I'm proud of my lil' security camera.,218 comments,12 hours ago,r/lego
99,Hero of the day,216 comments,10 hours ago,r/whitepeoplegifs
100,how to drive on ice,67 comments,2 hours ago,r/funny
101,"Abandoned beach house in the Outer Banks, North Carolina, slowly being reclaimed by the sea. [1426 √ó 950]",658 comments,11 hours ago,r/AbandonedPorn
102,"Giving ""Spring Cleaning"" a new meaning",61 comments,10 hours ago,r/standupshots
103,They play just like humans. Pure joy.,190 comments,11 hours ago,r/babyelephantgifs
104,White Zombie - More Human Than Human [Alternative Metal],222 comments,7 hours ago,r/Music
105,"""Confederate flag"" spotted in Seattle (x-post /r/SeattleWA)",96 comments,4 hours ago,r/vexillology
106,Thanks,370 comments,11 hours ago,r/AnimalsBeingBros
107,Chubby cat receives brushy brushy.,15 comments,5 hours ago,r/brushybrushy
108,"""Go fuck yourself""",836 comments,10 hours ago,r/iamverysmart
109,"Tons of variability, should I invest?",73 comments,8 hours ago,r/MemeEconomy
110,I don't think that's how that meme works...,652 comments,12 hours ago,r/FellowKids
111,HOH no,32 comments,5 hours ago,r/surrealmemes
112,"With Disney almost ready to pull Star Wars, EA can do something to halt the Resistance.",519 comments,9 hours ago,r/gaming
113,Flick loves his bunny,151 comments,11 hours ago,r/MadeMeSmile
114,"I was hacked, not that I'm unpopular",128 comments,6 hours ago,r/OopsDidntMeanTo
115,"""I hate everyone...except you.""",1475 comments,12 hours ago,r/aww
116,"To get the squirrel, one must become the squirrel.",101 comments,11 hours ago,r/gifs
117,Ahhh..the time before Google Maps / Apple Maps,189 comments,9 hours ago,r/nostalgia
118,"Rooftop Hideout, Evgeny Lushpin, Oils, 2016.",301 comments,11 hours ago,r/Art
119,Running a Solo business,303 comments,10 hours ago,r/SequelMemes
120,Or they‚Äôll get shot first.,2346 comments,11 hours ago,r/PoliticalHumor
121,the new gun,866 comments,11 hours ago,r/comics
122,Ken M on eBay,144 comments,11 hours ago,r/KenM
123,What foods are just delivery systems for other foods?,3358 comments,9 hours ago,r/AskReddit
124,"TIL there's a player with the username ""Fortnite Winner"" who has played over 2,000 solo matches without a win.",202 comments,8 hours ago,r/FortNiteBR
